Timestamp,Camera ID,Vehicle ID,Event Type,Location,Velocity,Confidence,Before Image,After Image,Evidence Path
2025-12-11 07:51:17,Camera1,525,unloading,"(511.18658447265625, 352.01849365234375)",0.00,0.00,N/A,N/A,N/A
2025-12-11 07:51:17,Camera1,525,hidden_disposal,"(511.18658447265625, 352.01849365234375)",0.00,0.00,N/A,N/A,N/A
2025-12-11 07:51:17,Camera1,526,unloading,"(452.13665771484375, 193.9100799560547)",0.00,0.00,N/A,N/A,N/A
2025-12-11 07:51:17,Camera1,526,hidden_disposal,"(452.13665771484375, 193.9100799560547)",0.00,0.00,N/A,N/A,N/A
2025-12-11 07:51:18,Camera1,527,unloading,"(507.7227783203125, 344.1773681640625)",0.00,0.00,N/A,N/A,N/A
2025-12-11 07:51:18,Camera1,527,hidden_disposal,"(507.7227783203125, 344.1773681640625)",0.00,0.00,N/A,N/A,N/A
2025-12-11 07:51:20,Camera1,527,unloading,"(496.5926513671875, 329.71051025390625)",0.00,0.00,N/A,N/A,N/A
2025-12-11 07:51:20,Camera1,527,hidden_disposal,"(496.5926513671875, 329.71051025390625)",0.00,0.00,N/A,N/A,N/A
2025-12-11 07:51:21,Camera1,527,hidden_disposal,"(485.39910888671875, 316.96044921875)",0.00,0.00,N/A,N/A,N/A
2025-12-11 07:51:22,Camera1,527,hidden_disposal,"(482.2820739746094, 310.08001708984375)",0.00,0.00,N/A,N/A,N/A
2025-12-11 07:51:24,Camera1,527,hidden_disposal,"(475.2420349121094, 301.5531005859375)",0.00,0.00,N/A,N/A,N/A
2025-12-11 07:51:25,Camera1,525,hidden_disposal,"(465.78717041015625, 293.3991394042969)",0.00,0.00,N/A,N/A,N/A
2025-12-11 07:51:26,Camera1,527,hidden_disposal,"(462.95587158203125, 288.1407775878906)",0.00,0.00,N/A,N/A,N/A
2025-12-11 07:51:27,Camera1,527,hidden_disposal,"(456.8607177734375, 272.1709289550781)",0.00,0.00,N/A,N/A,N/A
2025-12-11 07:51:29,Camera1,527,hidden_disposal,"(448.54156494140625, 263.67578125)",0.00,0.00,N/A,N/A,N/A
2025-12-11 07:51:30,Camera1,527,hidden_disposal,"(445.37713623046875, 260.05108642578125)",0.00,0.00,N/A,N/A,N/A
2025-12-11 07:51:32,Camera1,529,unloading,"(482.58251953125, 235.16635131835938)",4.73,0.00,N/A,N/A,N/A
2025-12-11 07:51:32,Camera1,527,unloading,"(439.86651611328125, 250.35887145996094)",0.00,0.00,N/A,N/A,N/A
2025-12-11 07:51:32,Camera1,527,hidden_disposal,"(439.86651611328125, 250.35887145996094)",0.00,0.00,N/A,N/A,N/A
2025-12-11 07:51:33,Camera1,527,hidden_disposal,"(432.9835510253906, 244.81832885742188)",0.00,0.00,N/A,N/A,N/A
2025-12-11 07:51:34,Camera1,527,hidden_disposal,"(431.3367004394531, 241.73451232910156)",0.00,0.00,N/A,N/A,N/A
2025-12-11 07:51:36,Camera1,525,hidden_disposal,"(426.8924560546875, 232.7094268798828)",0.00,0.00,N/A,N/A,N/A
2025-12-11 07:51:37,Camera1,525,hidden_disposal,"(421.19244384765625, 231.13116455078125)",0.00,0.00,N/A,N/A,N/A
2025-12-11 07:51:38,Camera1,525,hidden_disposal,"(418.76019287109375, 229.23138427734375)",0.00,0.00,N/A,N/A,N/A
2025-12-11 07:51:40,Camera1,525,hidden_disposal,"(415.18524169921875, 222.45416259765625)",0.00,0.00,N/A,N/A,N/A
2025-12-11 07:51:41,Camera1,527,hidden_disposal,"(412.3861083984375, 217.98080444335938)",0.00,0.00,N/A,N/A,N/A
2025-12-11 07:51:43,Camera1,527,hidden_disposal,"(411.3794250488281, 215.21461486816406)",0.00,0.00,N/A,N/A,N/A
2025-12-11 07:51:44,Camera1,527,hidden_disposal,"(408.9710998535156, 210.9188232421875)",0.00,0.00,N/A,N/A,N/A
2025-12-11 07:51:45,Camera1,527,hidden_disposal,"(406.4319763183594, 206.17501831054688)",0.00,0.00,N/A,N/A,N/A
2025-12-11 07:51:47,Camera1,527,hidden_disposal,"(405.11004638671875, 202.82275390625)",0.00,0.00,N/A,N/A,N/A
2025-12-11 07:51:48,Camera1,527,hidden_disposal,"(404.3501892089844, 196.28506469726562)",0.00,0.00,N/A,N/A,N/A
2025-12-11 07:51:50,Camera1,527,hidden_disposal,"(401.8608703613281, 193.76004028320312)",0.00,0.00,N/A,N/A,N/A
2025-12-11 07:51:51,Camera1,527,hidden_disposal,"(401.1484680175781, 190.63528442382812)",0.00,0.00,N/A,N/A,N/A
2025-12-11 07:51:52,Camera1,527,hidden_disposal,"(399.54046630859375, 185.52154541015625)",0.00,0.00,N/A,N/A,N/A
2025-12-11 07:51:54,Camera1,527,hidden_disposal,"(396.42340087890625, 180.04458618164062)",0.00,0.00,N/A,N/A,N/A
2025-12-11 07:51:55,Camera1,527,hidden_disposal,"(395.5025329589844, 177.91639709472656)",0.00,0.00,N/A,N/A,N/A
2025-12-11 07:51:56,Camera1,527,hidden_disposal,"(395.40582275390625, 173.74307250976562)",0.00,0.00,N/A,N/A,N/A
2025-12-11 07:51:57,Camera1,527,hidden_disposal,"(393.89544677734375, 171.5234375)",0.00,0.00,N/A,N/A,N/A
2025-12-11 07:51:59,Camera1,527,hidden_disposal,"(394.2276611328125, 170.273681640625)",0.00,0.00,N/A,N/A,N/A
2025-12-11 07:52:00,Camera1,527,hidden_disposal,"(394.88323974609375, 166.2994384765625)",0.00,0.00,N/A,N/A,N/A
2025-12-11 07:52:01,Camera1,527,hidden_disposal,"(393.89593505859375, 164.93020629882812)",0.00,0.00,N/A,N/A,N/A
2025-12-11 07:52:03,Camera1,527,hidden_disposal,"(393.96026611328125, 164.10243225097656)",0.00,0.00,N/A,N/A,N/A
2025-12-11 07:52:04,Camera1,527,hidden_disposal,"(395.07720947265625, 162.35354614257812)",0.00,0.00,N/A,N/A,N/A
2025-12-11 07:52:05,Camera1,527,hidden_disposal,"(394.36474609375, 160.54446411132812)",0.00,0.00,N/A,N/A,N/A
2025-12-11 07:52:07,Camera1,527,hidden_disposal,"(394.1600341796875, 160.00558471679688)",0.00,0.00,N/A,N/A,N/A
2025-12-11 07:52:08,Camera1,527,hidden_disposal,"(394.97210693359375, 156.66293334960938)",0.00,0.00,N/A,N/A,N/A
2025-12-11 07:52:09,Camera1,527,hidden_disposal,"(394.201416015625, 154.87881469726562)",0.00,0.00,N/A,N/A,N/A
2025-12-11 07:52:11,Camera1,527,hidden_disposal,"(394.38153076171875, 153.96759033203125)",0.00,0.00,N/A,N/A,N/A
2025-12-11 07:52:12,Camera1,527,hidden_disposal,"(395.2039489746094, 151.78140258789062)",0.00,0.00,N/A,N/A,N/A
2025-12-11 07:52:14,Camera1,527,hidden_disposal,"(395.2437744140625, 150.27438354492188)",0.00,0.00,N/A,N/A,N/A
2025-12-11 07:52:15,Camera1,525,hidden_disposal,"(397.2289123535156, 154.66026306152344)",0.91,0.00,N/A,N/A,N/A
2025-12-11 07:52:15,Camera1,527,hidden_disposal,"(395.40521240234375, 149.510498046875)",0.00,0.00,N/A,N/A,N/A
2025-12-11 07:52:16,Camera1,527,hidden_disposal,"(395.83941650390625, 147.47731018066406)",0.00,0.00,N/A,N/A,N/A
2025-12-11 07:52:18,Camera1,527,hidden_disposal,"(396.2955322265625, 146.21023559570312)",0.00,0.00,N/A,N/A,N/A
2025-12-11 07:52:19,Camera1,527,hidden_disposal,"(396.35943603515625, 145.59921264648438)",0.00,0.00,N/A,N/A,N/A
2025-12-11 07:52:21,Camera1,527,hidden_disposal,"(396.34454345703125, 143.13571166992188)",0.00,0.00,N/A,N/A,N/A
2025-12-11 07:52:22,Camera1,527,hidden_disposal,"(396.3350830078125, 142.51011657714844)",0.00,0.00,N/A,N/A,N/A
2025-12-11 07:52:25,Camera1,525,unloading,"(398.07659912109375, 143.12374877929688)",1.08,0.00,N/A,N/A,N/A
2025-12-11 07:52:28,Camera1,525,unloading,"(397.7447204589844, 138.43850708007812)",0.00,0.00,N/A,N/A,N/A
2025-12-11 07:52:28,Camera1,525,hidden_disposal,"(397.7447204589844, 138.43850708007812)",0.00,0.00,N/A,N/A,N/A
2025-12-11 07:52:46,Camera1,533,unloading,"(546.82666015625, 248.29664611816406)",0.00,0.00,N/A,N/A,N/A
2025-12-11 07:52:46,Camera1,533,hidden_disposal,"(546.82666015625, 248.29664611816406)",0.00,0.00,N/A,N/A,N/A
2025-12-11 07:53:27,Camera1,533,unloading,"(669.5916137695312, 463.32421875)",3.57,0.00,N/A,N/A,N/A
